USE APTBLCMGR_DB_TEST;

DELETE FROM REGISTRO;
DELETE FROM ROL_USUARIO;
DELETE FROM USUARIO;
DELETE FROM CONCEPTO;

INSERT INTO CONCEPTO(ID,DESCRIPCION,FACTOR_CARGO_ABONO) VALUES (1 ,'RENTA',1);
INSERT INTO CONCEPTO(ID,DESCRIPCION,FACTOR_CARGO_ABONO) VALUES (2 ,'RECARGO POR RENTA TARDIA DE 1 DIA',1);
INSERT INTO CONCEPTO(ID,DESCRIPCION,FACTOR_CARGO_ABONO) VALUES (3 ,'LUZ',1);
INSERT INTO CONCEPTO(ID,DESCRIPCION,FACTOR_CARGO_ABONO) VALUES (4 ,'AGUA',1);
INSERT INTO CONCEPTO(ID,DESCRIPCION,FACTOR_CARGO_ABONO) VALUES (5 ,'MANTENIMIENTO EDIFICIO',1);
INSERT INTO CONCEPTO(ID,DESCRIPCION,FACTOR_CARGO_ABONO) VALUES (6 ,'ASEO SEMANAL',1);
INSERT INTO CONCEPTO(ID,DESCRIPCION,FACTOR_CARGO_ABONO) VALUES (7 ,'VIGILANCIA PRIVADA',1);
INSERT INTO CONCEPTO(ID,DESCRIPCION,FACTOR_CARGO_ABONO) VALUES (8 ,'SERVICIO VIGILANCIA AVANZADA DVR',1);
INSERT INTO CONCEPTO(ID,DESCRIPCION,FACTOR_CARGO_ABONO) VALUES (9 ,'SERVICIO CANDADO GARAGE',1);
INSERT INTO CONCEPTO(ID,DESCRIPCION,FACTOR_CARGO_ABONO) VALUES (10,'GARRAFÓN A DOMICILIO',1);
INSERT INTO CONCEPTO(ID,DESCRIPCION,FACTOR_CARGO_ABONO) VALUES (11,'MISCELANEA A DOMICILIO < 10KG.',1);
INSERT INTO CONCEPTO(ID,DESCRIPCION,FACTOR_CARGO_ABONO) VALUES (12,'ADORNOS FOLKLORICOS',1);
INSERT INTO CONCEPTO(ID,DESCRIPCION,FACTOR_CARGO_ABONO) VALUES (13,'CAJÓN EXTRA ESTACIONAMIENTO 1 DIA',1);
INSERT INTO CONCEPTO(ID,DESCRIPCION,FACTOR_CARGO_ABONO) VALUES (14,'CAJÓN EXTRA ESTACIONAMIENTO 1 SEMANA',1);
INSERT INTO CONCEPTO(ID,DESCRIPCION,FACTOR_CARGO_ABONO) VALUES (15,'RESERVACIÓN AREAS VERDES PARA EVENTO',1);
INSERT INTO CONCEPTO(ID,DESCRIPCION,FACTOR_CARGO_ABONO) VALUES (16,'ASEO AREAS VERDES DESPUES DEL EVENTO',1);
INSERT INTO CONCEPTO(ID,DESCRIPCION,FACTOR_CARGO_ABONO) VALUES (17,'SERVICIO PLOMERIA',1);
INSERT INTO CONCEPTO(ID,DESCRIPCION,FACTOR_CARGO_ABONO) VALUES (18,'SERVICIO ELECTRICISTA',1);
INSERT INTO CONCEPTO(ID,DESCRIPCION,FACTOR_CARGO_ABONO) VALUES (19,'SERVICIO TÉCNICO EN REDES',1);
INSERT INTO CONCEPTO(ID,DESCRIPCION,FACTOR_CARGO_ABONO) VALUES (20,'SERVICIO CARPINTERIA',1);
INSERT INTO CONCEPTO(ID,DESCRIPCION,FACTOR_CARGO_ABONO) VALUES (21,'SERVICIO MENSAJERIA LOCAL < 1KG.',1);
INSERT INTO CONCEPTO(ID,DESCRIPCION,FACTOR_CARGO_ABONO) VALUES (22,'SERVICIO ADMINISTRATIVO DE ARRENDAMIENTO EXTRA',1);
INSERT INTO CONCEPTO(ID,DESCRIPCION,FACTOR_CARGO_ABONO) VALUES (23,'SERVICIO INTERFON+VIDEO',1);
INSERT INTO CONCEPTO(ID,DESCRIPCION,FACTOR_CARGO_ABONO) VALUES (24,'SERVICIO ACCESO BIOMETRICO',1);
INSERT INTO CONCEPTO(ID,DESCRIPCION,FACTOR_CARGO_ABONO) VALUES (25,'SERVICIO BODEGA < 10 KG Y 1 METRO CUBICO X 1 DIA',1);
INSERT INTO CONCEPTO(ID,DESCRIPCION,FACTOR_CARGO_ABONO) VALUES (26,'SERVICIO LAVA AUTOS EXTERIOR',1);
INSERT INTO CONCEPTO(ID,DESCRIPCION,FACTOR_CARGO_ABONO) VALUES (27,'SERVICIO LAVADO Y ASPIRADO AUTOS',1);
INSERT INTO CONCEPTO(ID,DESCRIPCION,FACTOR_CARGO_ABONO) VALUES (28,'SERVICIO LAVA AFOMBRAS',1);

INSERT INTO CONCEPTO(ID,DESCRIPCION,FACTOR_CARGO_ABONO) VALUES (100,'ABONO A CUENTA',-1);
INSERT INTO CONCEPTO(ID,DESCRIPCION,FACTOR_CARGO_ABONO) VALUES (101,'BONIFICACIÓN POR PRONTO PAGO',-1);
INSERT INTO CONCEPTO(ID,DESCRIPCION,FACTOR_CARGO_ABONO) VALUES (102,'BONIFICACIÓN POR AFECTACIÓN DE SINIESTRO',-1);
INSERT INTO CONCEPTO(ID,DESCRIPCION,FACTOR_CARGO_ABONO) VALUES (103,'PRE RESERVACIÓN DE SERVICIO',-1);

-- soynonex@gmail.com / nonex123
INSERT INTO USUARIO(EMAIL,NOMBRE,PASSWORD,DEPARTAMENTO,HABILITADO,SALDO) VALUES ('soynonex@gmail.com','ALBERTO MEJIA'   ,'316be9f9daca104128c232945e7d470f','202',1,0.0);
-- prueba123
INSERT INTO USUARIO(EMAIL,NOMBRE,PASSWORD,DEPARTAMENTO,HABILITADO,SALDO) VALUES ('prueba1@nomail.com','USUARIO PRUEBA 1','fa5a02c9cc183b3ff1bfcd4c2243f85c','901',1, 310.0);
INSERT INTO USUARIO(EMAIL,NOMBRE,PASSWORD,DEPARTAMENTO,HABILITADO,SALDO) VALUES ('prueba2@nomail.com','USUARIO PRUEBA 2','fa5a02c9cc183b3ff1bfcd4c2243f85c','902',1, 210.0);
INSERT INTO USUARIO(EMAIL,NOMBRE,PASSWORD,DEPARTAMENTO,HABILITADO,SALDO) VALUES ('prueba3@nomail.com','USUARIO PRUEBA 2','fa5a02c9cc183b3ff1bfcd4c2243f85c','903',1, 180.0);

INSERT INTO ROL_USUARIO(ROL,EMAIL) VALUES ('ADMINISTRADOR','soynonex@gmail.com');
INSERT INTO ROL_USUARIO(ROL,EMAIL) VALUES ('INQUILINO'    ,'prueba1@nomail.com');
INSERT INTO ROL_USUARIO(ROL,EMAIL) VALUES ('INQUILINO'    ,'prueba2@nomail.com');
INSERT INTO ROL_USUARIO(ROL,EMAIL) VALUES ('INQUILINO'    ,'prueba3@nomail.com');


INSERT INTO REGISTRO(ID,EMAIL,CONCEPTO_ID,IMPORTE,FECHA) VALUES ( 1,'prueba1@nomail.com',1   , 100.0,'2014-02-01 12:10');
INSERT INTO REGISTRO(ID,EMAIL,CONCEPTO_ID,IMPORTE,FECHA) VALUES ( 2,'prueba1@nomail.com',3   , 200.0,'2014-02-10 18:10');
INSERT INTO REGISTRO(ID,EMAIL,CONCEPTO_ID,IMPORTE,FECHA) VALUES ( 3,'prueba1@nomail.com',100 ,-300.0,'2014-03-04 11:16');
INSERT INTO REGISTRO(ID,EMAIL,CONCEPTO_ID,IMPORTE,FECHA) VALUES ( 4,'prueba1@nomail.com',8   ,  10.0,'2014-03-18 05:10');
INSERT INTO REGISTRO(ID,EMAIL,CONCEPTO_ID,IMPORTE,FECHA) VALUES ( 5,'prueba1@nomail.com',1   , 500.0,'2014-04-21 08:10');
INSERT INTO REGISTRO(ID,EMAIL,CONCEPTO_ID,IMPORTE,FECHA) VALUES ( 6,'prueba1@nomail.com',100 ,-200.0,'2014-05-11 07:16');

INSERT INTO REGISTRO(ID,EMAIL,CONCEPTO_ID,IMPORTE,FECHA) VALUES ( 7,'prueba2@nomail.com',1  , 100.0,'2014-03-01 12:10');
INSERT INTO REGISTRO(ID,EMAIL,CONCEPTO_ID,IMPORTE,FECHA) VALUES ( 8,'prueba2@nomail.com',7  , 200.0,'2014-03-10 18:10');
INSERT INTO REGISTRO(ID,EMAIL,CONCEPTO_ID,IMPORTE,FECHA) VALUES ( 9,'prueba2@nomail.com',100,-100.0,'2014-04-04 11:16');
INSERT INTO REGISTRO(ID,EMAIL,CONCEPTO_ID,IMPORTE,FECHA) VALUES (10,'prueba2@nomail.com',9  ,  10.0,'2014-04-18 05:10');
INSERT INTO REGISTRO(ID,EMAIL,CONCEPTO_ID,IMPORTE,FECHA) VALUES (11,'prueba2@nomail.com',3  , 500.0,'2014-05-21 08:10');
INSERT INTO REGISTRO(ID,EMAIL,CONCEPTO_ID,IMPORTE,FECHA) VALUES (12,'prueba2@nomail.com',100,-500.0,'2014-05-22 07:16');

INSERT INTO REGISTRO(ID,EMAIL,CONCEPTO_ID,IMPORTE,FECHA) VALUES (13,'prueba3@nomail.com',1  , 100.0,'2014-01-01 12:10');
INSERT INTO REGISTRO(ID,EMAIL,CONCEPTO_ID,IMPORTE,FECHA) VALUES (14,'prueba3@nomail.com',3  , 200.0,'2014-02-10 18:10');
INSERT INTO REGISTRO(ID,EMAIL,CONCEPTO_ID,IMPORTE,FECHA) VALUES (15,'prueba3@nomail.com',100,-150.0,'2014-03-04 11:16');
INSERT INTO REGISTRO(ID,EMAIL,CONCEPTO_ID,IMPORTE,FECHA) VALUES (16,'prueba3@nomail.com',12 ,  30.0,'2014-04-18 05:10');
